#,Seit wie vielen Jahren arbeitest du  bereits im Vertrieb?,Welche spezifischen Branchen oder Produkte hast du bisher betreut?,Bist du Vollzeit Verfügbar?,Wie hoch war der Umsatz den du das letztes Jahr generiert hast?,Welche persönlichen Eigenschaften oder Soft Skills macht dich  zu einem erfolgreichen Vertriebsmitarbeiter?,"Was sind deine langfristigen beruflichen Ziele im Vertrieb, und wie planst du, diese zu erreichen?",Welche Vertriebs- und CRM-Tools hast du bisher genutzt? Wie haben diese Tools deine Produktivität oder dein Erfolg unterstützt?,Wie lautet dein Persönlichkeitstyp bei 16 Personalities ? (Link in der Beschreibung zum rauskopieren),"Wir nehmen nur Bewerbungen von Vertrieblern an , die bereit sind Vollzeit und mit vollem Fokus zu in unserem Unternehmen zu arbeiten. Kannst du diese Erwartungshaltung erfüllen und was ist deine Erwartungshaltung an uns ?",Lade hier deinen aktuellen Lebenslauf hoch,First name,Last name,Phone number,Email,Company,Response Type,Start Date (UTC),Stage Date (UTC),Submit Date (UTC),Network ID,Tags,Ending
8sfmuev7eyl3j1p2mk72q8sfmuev7vt0,4,"Verkauf von Möbeln, Photovoltaik-Neukundenakquise im D2d, Strom/Gas & Glasfaser im D2D, Vertrieb für digitale Dienstleistungen.","Vollzeit (Mo-Fr, 40Std/Woche)",60.000€,"Meine Stärken liegen in einer klaren Kommunikation, einem ausgeprägten Einfühlungsvermögen und einer zielstrebigen Arbeitsweise. So gelingt es mir, Kundenwünsche genau zu erfassen, vertrauensvolle Beziehungen aufzubauen und nachhaltige Ergebnisse im Vertrieb zu erzielen.","Mein langfristiges Ziel ist die strategische Mitgestaltung und Führung von Vertriebsprozessen. Um diesen Anspruch zu realisieren, investiere ich gezielt in Weiterbildung, den Transfer in die Praxis und den strategischen Ausbau meines Netzwerks.","Ich habe mit HubSpot und einem internen CRM-System bei O2 Telefónica gearbeitet. Diese Tools haben mir geholfen, Kundenkontakte strukturiert zu verwalten, meine Gespräche sicherer zu führen und meine Arbeit effizienter zu organisieren.","Kommandeur, ENTJ-A","Ja, ich kann diese Erwartungshaltung erfüllen. Ich bin hoch motiviert, mich mit vollem Fokus in die Vertriebsarbeit einzubringen und strebe eine langfristige Zusammenarbeit an.",https://api.typeform.com/responses/files/6205d0dac8478d35152797dd90b8235271b780576ded88288217007c8ba71a9c/Dominic_P._Pelz___Lebenslauf.pdf,Dominic Pascal,Pelz,'+4915140427984,dominicpascalpelz@gmail.com,,completed,2025-09-02 08:04:18,,2025-09-02 08:31:04,2124375270,,Danke für deine Bewerbung ! 
zw5dkpdcmgawyob60ui8bszw5dkp2u6q,11,"Consumer Electronics, web3, KI & Blockchain Event & Konferenzmanagement, Social Media Branding","Vollzeit (Mo-Fr, 40Std/Woche)",98800,"Ich bin ein sehr empathischer Mensch und kann gut aktiv zuhören, außerdem mache ich eine ausführliche Bedarfsanalyse und versuche Einwänden vorwegzugreifen, bevor ich ein Angebot unterbreite. Die 4 Hauptpersönlichkeitstypen (rot/extrovertiert, effizient und dominant, gelb/extrovertiert und redefreudig, grün/introvertiert und harmoniebedürftig und blau/introvertiert und Zahlen/Daten/Fakten getrieben) sind mir ebenfalls ein Begriff und agieren bei mir im Gespräch im Hinterkopf. :)","Sich langfristig mit einer ergebnisorientierten remote Tätigkeit Kapital aufzubauen, um mehr örtliche, zeitliche und finanzielle Flexibilität für meine Familie und mich zu ermöglichen.","MS Excel, Notion, Trello. Besserer Überblick über Open Tasks, Ziele und Todos",Kommandeur ENTJ-A,"Ja, ich bin bereit mich beruflich zu verändern und erfolgsorientiert in einem innovativen Wachstumsfeld zu arbeiten. Allerdings trage ich auch Verantwortung für meine kleine Familie (6 und 8 Jahre alt) und brauche eine gewisse Flexibilität in der Ausübung der Tätigkeit und einen gewissen Puffer bzw. Planungssicherheit, falls mal nicht alles rund läuft.",https://api.typeform.com/responses/files/d699b25c91041156b6a4752380fdafb1308da5c4a161fcc534240383d851775e/1_CV_Werdegang_Luigi_Boris_Stella_2025_09_01_250901_022522.PDF,Luigi Boris,Stella ,'+491797585616,stella.luigi.boris@gmail.com,Luigi Boris Stella Marketing Services,completed,2025-09-01 00:20:48,,2025-09-01 00:28:39,7d544b94f0,,Danke für deine Bewerbung ! 
fwben0dpihvql380785infwben0dpl8h,9,"Geldanlagen,Immobilien, Photovoltaikanlage, Strom und Gas, Coachings","Vollzeit (Mo-Fr, 40Std/Woche)",200000,"Emphatisch, Authentisch, Ehrlich, Anpassungsfähig",Ich möchte monatlich zwischen 15-20.000 Euro verdienen. Ich analysiere und reflektiere mich stetig und versuche jeden Tag eine bessere Version von mir zu werden. Umsetzung und Annahme von Kritik sind das A und O für mich. Gerne besuche ich auch Weiterbildungen wie z.b Verkaufsseminare oder Persönlichkeitsentwicklung. In 1-2 Jahren möchte ich den Vertrieb leiten und führen.,"Close und Slack. Mit Close konnte ich meine Gespräche reflektieren und schauen, was nicht oder was gut lief. Durch die Aufnahme der Gespräche musste ich kaum Notizen machen und konnte mich somit voll auf den Gegenüber fokussieren. Im Bereich PV und Immobilien habe ich klassisch mit Aufnahmebogen gearbeitet um gezielt der Bedarf der Kunden rauszufinden und mich bestmöglich zu positionieren. Slack war zur Kommunikation unter einander im Team sehr gut. Über Zoom sind auch viele Gespräche erfolgt, Aufnahme darüber über Fathom.",ENFJ (Protagonist),"Ich kann die Erwartungshaltung erfüllen, da ich selbst auf der Suche nach einer Vollzeitstelle bin. Ich bringe Hunger und Leidenschaft mit. Ich erwarte eine langfristige Zusammenarbeit auf Augenhöhe mit ehrlicher und vertrauenswürdiger Atmosphäre. Gemeinsames Vorankommen ist mir sehr wichtig, genau so wie Wertschätzung beiderseits. Keine Spielchen.",https://api.typeform.com/responses/files/b4ee788ce7b2a17e51d0ee4235ade4ba716973b5cb109a79a6b7aae59bed4e3b/Lebenslauf_Amir_Avmedovski_08_25.pdf,Amir,Avmedovski,'+4915758162694,avmedovskiamir@gmail.com,,completed,2025-08-26 22:09:51,,2025-08-26 22:24:47,01006cada9,,Danke für deine Bewerbung ! 
qv66n3eqqet7fxq0ar6qqv660ezoqira,9 Jahre,"Mehrheitlich Investments, alternative Investitionen und Sonderlösungen",Teilzeit 20Std  (Mo-Fr),Ich hatte letztes Jahr keine Partnerschaft,"Ich bin ein ruhiger aber zielgerichteter Mensch, daher fühlen sich Interessenten im Gespräch mit mir wohl und können sich frei für den Abschluss entscheiden",Ich strebe eine ehrliche und langfristige Zusammenarbeit an auf reduziertem Pensum (20H/ Woche). Auf der richtigen Position kann ich performen,"Pipedrive, Slack, Zapier, Superchat. Leichtere Übersicht und bessere Nachverfolgung",Architekt,Ich bevorzuge reduziert und flexible Einteilung um die Arbeit in meinen Rythmus zu integrieren. Ich erwarte eine Einarbeitungsphase und eine direkte Ansprechsperson um die beste Performance zu liefern,https://api.typeform.com/responses/files/f2517c9850c02a724f50ea698c12bec44cb270a9344e77bc92c5926b9a03343a/Lebenslauf_Tatjana_Chiara_1.pdf,Tatjana Chiara,Liana,'+41789611315,tatjana.chiara.liana@gmail.com,TCE - THE BLACK PANTHER ELITE PARTNER LTD,completed,2025-08-20 15:31:54,,2025-08-20 15:42:12,5dc09cfa6d,,Danke für deine Bewerbung ! 
0tq6ez1vhqem06ao40tq66jqfspirsvo,6,"Automobil-, Tourismus- und Telekommunikationsbranche","Vollzeit (Mo-Fr, 40Std/Woche)",60000,Selbstbewusst sein,"Mehr Umsatz mit dem passenden Produkt, in dem ich mehr performe.","Citrix, magenta",Unternehmer,ja aufjedenfall,https://api.typeform.com/responses/files/2a5991786dba115f89d04f14c4acb5df7d26cd8d4a29df0789db3cac3ee401c6/CV_2025_06_29_105811.pdf,Yunes,Ahmed Bouhaddouz,'+34624551022,ahmedyunes837@gmail.com,,completed,2025-08-20 15:28:22,,2025-08-20 15:33:49,7a1084fdb4,,Danke für deine Bewerbung ! 
tmzjgqhpasxe1oqtmzjguk5oc4ruzand,5,"Network Marketing, Immobilien, Persönlichkeitsentwicklung","Vollzeit (Mo-Fr, 40Std/Woche)",1.200.000,"Charismatisch , offen, ehrlich, authentisch, symphatisch, vertrauenswürdig",Head of Sales. Mit Disziplin und Leistung,"Close Crm, Funnel Box, Makler Programme, Office , SAP.

Diese Tools haben mein Arbeitsalltag enorm erleichtert.",Protagonist,Vollzeit verfolge ich selber. Meine Erwartungen können wir detailliert im weiterem Gespräch austauschen.,https://api.typeform.com/responses/files/3753be8b6cc875b859b72dded6113bf6bbfa7b1050ddb37ee9f64bd59000b0f2/Lebenslauf_25.pdf,Ibrahim,Gökce,'+4917632785812,ibrahim.g@web.de,,completed,2025-08-20 14:22:58,,2025-08-20 14:36:01,98cb0e0e93,,Danke für deine Bewerbung ! 
rzn576sy0o3n2luc21w6rzn57lju8eay,1.8 Jahre,Bildung (privatrechtliche Studiengänge),"Vollzeit (Mo-Fr, 40Std/Woche)",41,"Sehr kommunikativ und dabei authentisch, freundlich aber nicht aufdringlich","Steigerung meiner Fähigkeiten und Kompetenzen, was sich natürlich in meiner Provision widerspiegel soll","Salesforce, twilio, confluence, Monday - bessere Übersicht und welche Ziele ich erreicht habe",Konsul,"Wenn die Konditionen (Gehalt, Aufstiegs Möglichkeiten etc.) stimmen dann ja",https://api.typeform.com/responses/files/23b630ab8f50292cf03e40c8c5f8dceef693edea90452d61ffbf20a8475fed65/Lebenslauf_25_Uciechowski.pdf,Johanna,Uciechowski,'+491781642851,j.u@mail.de,,completed,2025-05-19 13:47:07,,2025-05-19 13:48:21,f05fda0653,,Danke für deine Bewerbung ! 
ss86gdt1digcco3qkss86g54l3bm1a48,7 Jahre,"Immobilien, Recruiting, Tax Consulting, Coaching, E-Commerce, Finances",Teilzeit 20Std  (Mo-Fr),"2,4 Millionen","Charismatisch, ambitioniert, zielstrebig, gewissenhaft, selbstständig, Leader-Qualitäten, Teamplayer",10-20K Provi --> Gründliche Einarbeitung in das Thema  und das Zielgruppenprofil.  High Performance Mentalität & hohe Schlagzahl um maximal effizient zu arbeiten,"Hubspot, Pipedrive, Umsatz.io, Close, Salesforce",Kommandeur (ENTJ),Let's Talk ;),https://api.typeform.com/responses/files/fdbf0d13bb2d714b631fbc740d73389d5c0b73c92443e8596b12424c0460d3ae/Lebenslauf___Stanley_Amuzu.pdf,Stanley,Amuzu ,'+4917656504573,stan.amuzu@gmail.com,,completed,2025-04-04 12:43:36,,2025-04-04 12:52:48,4cd70f6a99,,
jzcvxvam4ygnmrx2qce4xjzcvxytbicq,3,Finanzdienstleistung,Teilzeit 20Std  (Mo-Fr),2.000.000€,"Resilienz, Wording & Rhetorik",10.000€ Remote zu verdienen (30H Woche),Hubspot,Unternehmer,"30H pro Woche (Mittwoch,Samstag,Sonntag)",https://api.typeform.com/responses/files/600acf109b6baa1a39c020ba04de315b9fd8cf352bdd4f3606fc82007a4c2f4b/Lutz_Beuttler___Lebenslauf.pdf,Lutz,Beuttler,'+4917640475654,lutzbeutttler@gmx.de,DVAG,completed,2025-03-11 19:26:18,,2025-03-11 19:29:02,09dff61ecb,,
9f86q7qsscx6miuwm49f8i0a0fr5810p,10,Wein/ Spirituosen/ Food/ Merchandise/ Klamotten,"Vollzeit (Mo-Fr, 40Std/Woche)",Unbekannt,Schnelle Auffassungsgabe & Verkaufstalent,Umsatzsteigerung,'-,'-,Ja auf jeden Fall!,https://api.typeform.com/responses/files/53beae20326566ccde35327c55f4349c969242cbd2efa374a522fe2e0e4f8bb3/FRANZISKA_MARX_LF_2.docx,Franziska,,'+4915111281108,marx.franzi@icloud.com,,completed,2025-03-09 10:02:08,,2025-03-09 10:05:06,8638551007,,
3q7so5au4yl43q7soofngjfpwhn3sq0y,2,"Medikamente, Vitamin","Vollzeit (Mo-Fr, 40Std/Woche)",Na,"meine Kommunikationsfähigkeiten und die Marketingstrategien, die ich während meiner Erfahrung im Vertrieb gelernt habe.","Ich möchte eine Karriere im Vertrieb machen, auch wenn ich im naturwissenschaftlichen Bereich (Pharmazie) arbeite, um mein Ziel der finanziellen Unabhängigkeit zu erreichen, indem ich später auf der Grundlage meiner Erfahrungen und des Gelernten mein eigenes Projekt ins Leben rufe.","In meiner bisherigen Erfahrung habe ich PowerPoint, Excel und Word Office verwendet und sie haben mir beim Erstellen meiner Präsentationen und Berichte geholfen, aber sie haben Zeit und Mühe gekostet. Deshalb habe ich meine Fähigkeiten mit eigenen Mitteln weiterentwickelt und viele neue Fähigkeiten im Zusammenhang mit KI und Datenwissenschaft erlernt, um Routineaufgaben zu automatisieren und bei meiner Arbeit effektiver zu sein",Architekt,Ja,https://api.typeform.com/responses/files/bc948e3a52af9e94b5d90446c221489b1b426a4bebed6f8b54a4d79ed4e56eee/CV_Djelaili_de_01_2025.pdf,Abdelatif,Djelaili,'+4915733653188,djelailiabdelatif@gmail.com,,completed,2025-03-04 06:50:40,,2025-03-04 06:52:14,048eaa7023,,
sww80ty34ypa76inswwojmk6kalu5faz,ich bin seit über 11 Jahren im Sales tätig – davon 7 Jahre im High-Ticket-Bereich,"In den Bereichen erneuerbare Energien, Zahnmedizin und Online-Coaching, Automotiv, Selbstentwicklung und vieles mehr.","Vollzeit (Mo-Fr, 40Std/Woche)",ca. 935000€ cash collected,"Ich bin kommunikationsstark, empathisch und zielorientiert, wodurch ich schnell Vertrauen aufbaue und Kundenbedürfnisse erkenne. Zudem arbeite ich diszipliniert und eigenmotiviert, was mir hilft, konstant erfolgreiche Abschlüsse zu erzielen.","Mein langfristiges Ziel im Vertrieb ist es, eine stabile Karriere mit konstantem Wachstum aufzubauen, indem ich meine Fähigkeiten in der Lead-Qualifizierung und Kundenbetreuung weiter ausbaue. Ich suche eine Position mit zuverlässigen, hochwertigen Leads, die es mir ermöglicht, mein Potenzial voll auszuschöpfen und langfristigen Erfolg zu erzielen.",Close.io & Salesvorce. Ich mache mir viele Notizen die ich im Gespräch oder nach dem Gespräch mit dem Kunden nutze.,Commander (ENTJ-A),"Definitiv! Wichtig ist mir eine Zusammenarbeit auf Augenhöhe, bei der ich meine Zahlen erreiche und meine Fähigkeiten voll ausschöpfen sowie kontinuierlich wachsen kann.",https://api.typeform.com/responses/files/78bafb23e3d3597f8bad2b121bdb4e971fedfac497cae9db07e96cf77f9fe7ab/CV_Kadir_Bozar_2025.pages,Kadir,Bozar,'+971551035880,kadir@love-yourself.com,,completed,2025-02-26 14:33:22,,2025-02-26 14:59:59,d7878f8e57,,
3pk3iimlajou3pk3iio4o00usmq9yx5u,8,"Ausbildungen, Investments, Software","Vollzeit (Mo-Fr, 40Std/Woche)","3,4 Millionen Euro","Authentische und vertrauensvolle Beziehungen zu Menschen aufzubauen. Ich bin äußerst kommunikativ, empathisch und verstehe es, auf die individuellen Bedürfnisse meiner Gesprächspartner einzugehen.

Durch meine jahrelange Erfahrung im Vertrieb und Closing weiß ich, wie wichtig eine klare und zielgerichtete Kommunikation ist. Ich kann nicht nur überzeugend argumentieren, sondern auch aktiv zuhören, um die besten Lösungen für Kunden zu finden.

Zusätzlich bringe ich eine hohe Disziplin, Ausdauer und Eigenmotivation mit – Eigenschaften, die ich nicht nur im Business, sondern auch in meiner Leidenschaft für Sport und Natur lebe.","Mein Ziel im Vertrieb ist es, mich ständig weiterzuentwickeln und meine Closing-Skills auf das nächste Level zu bringen. Ich habe mir vorgenommen, auf 50.000 Euro monatlich zu kommen – und das erreiche ich durch starke Beziehungen, eine hohe Abschlussquote und die richtige Positionierung in skalierbaren, hochpreisigen Märkten.

Dafür setze ich auf kontinuierliches Lernen, den Austausch mit den Besten der Branche und die ständige Optimierung meiner Verkaufsstrategien. Gleichzeitig achte ich darauf, in Unternehmen und Branchen aktiv zu sein, die echtes Wachstum und langfristige finanzielle Freiheit ermöglichen.","Ich habe bereits mit PipeDrive, Salesforce und HubSpot gearbeitet.","Persönlichkeitstyp: Protagonist (ENFJ-A) Persönlichkeits-Eigenschaften: Extravertiert – 82%, Intuitiv – 51%, Prinzipien-fokussiert – 64%, Planend – 63%, Durchsetzungsfähig – 63%","Ja, ich bin bereit Vollzeit zu arbeiten. Von euch erwarte ich ein starkes Team, gute Leads, klare Strukturen und die Möglichkeit mich weiterzuentwickeln, um gemeinsam zu wachsen.",https://api.typeform.com/responses/files/7207398f766a2a7438ca98385afacc0b5d75f142a5d948f8bbeba88c67ae9e9d/Amanuel_Pascher__3_.pdf,Amanuel,Pascher,'+4915117351596,amanuel.pascher@gmail.com,,completed,2025-02-19 08:11:26,,2025-02-21 15:40:05,e310441510,,
lsnltzpobrrgwblsnlzycig9gz94w53q,5,Energiebereich; Closing & Coaching; digitale Produkte,"Vollzeit (Mo-Fr, 40Std/Woche)",250.000 in Teilzeit,"Durchsetzungskraft, Empathie, Kommunikationsfähigkeiten, Überzeugungskraft",15.000€ pro Monat und ggf. Vertriebsleitung,"Close, umsatz.io, DigiScale- Alle Programme waren dahingehend sehr hilfreich, weil die Stammdaten der Leads geordnet und in dementsprechenden Pipelines organisiert sind, was zu einer erheblichen Effizienz führt",Architekt,"Jawoll, das kann ich! 
Was ich erwarte, sind viele Leads, ein gutes CRM und Entwicklungsspielraum",https://api.typeform.com/responses/files/94b642aaa3e4af2903d0558ad9f763b8a6908651bd26b649ae003c1ca6bf0c4c/Lebenslauf_mit_Bild_02.2025.pdf,Manuel,Jost,'+4916098994133,majoclosing@gmail.com,,completed,2025-02-18 13:20:21,,2025-02-18 13:32:09,81094b5ab8,,
0azm7ky53nymdpr95mt0azm7k6grtp4t,7,"Medizin,Bau,Elektro und IT","Vollzeit (Mo-Fr, 40Std/Woche)",3 Millionen €,"Empathie, stetes Lächeln auch am Telefon",Möchte uneingeschränkt sein und extrem hohe abschlußquoten erzielen,"Pipedrive ,Close und Dialfire haben mir meine Arbeit erleichtert so , dass ich mich mehr auf das wesentliche konzentrieren konnte.",Dominant,ja,https://api.typeform.com/responses/files/9998299b33e72e393442b2ddef4541bd862c7ae2afaa7fdc6bc080de205b567e/Lebenslauf_Aktuell.pdf,Yusuf,Gece,'+491634671378,geceyusuf8912@gmail.com,,completed,2025-02-14 16:35:38,,2025-02-14 16:36:33,d869d3052b,,
rmehq5ik72lk3fjzbtrmehqkyo6jd0zx,10,"Hundetraining, Photovoltaik, Businesscoachings","Vollzeit (Mo-Fr, 40Std/Woche)","1,1 Millionen","Loyalität, Lernbereit, Wissbegierig, Beharrlich, treu , ehrgeizig","Treuer Langfristiger Partner finden, weitere Seminare besuchen um mich fortzubildenden, das erreiche ich indem ich am Ball bleibe mit einem treuen Partner an der Seite. Die Kette ist immer so stark wie das schwächste Glied. Kommunikation ist für mich immer das A und O","Ich bin ein Fan von Zahlen, ich habe mit vielen Programmen gearbeitet und lerne aber auch sehr schnell. (bsp. Hubspot, Pipedrive)",Exekutive ESTJ-A,"Ja ich möchte nur einen festen Partner an der Seite, wichtig ist mir täglicher Austausch und die Kommunikation",https://api.typeform.com/responses/files/11c0a81fe5abe26f3342d3abceda5c110001360228876767a4b0458559897a15/IMG_9079.jpeg,Henning ,Gonzalez,'+4915561741732,henning.gonzalez@icloud.com,Leipzig ,completed,2025-02-12 20:52:42,,2025-02-12 21:13:23,d712c4b50d,,
no19sfh9rpgg3ywnog52rrlqkm0lbvt5,0,keine,"Vollzeit (Mo-Fr, 40Std/Woche)",0,"Empathie, Aktives zu Hören","Verkaufsumsatz von 100 Mio, Zusammenarbeit mit den besten Partnern und besten Produkten",kiene,architekt,"Ja, Offene Kommunikation, Kurze Kommunikationswege, Transparenz, Support",https://api.typeform.com/responses/files/c9391bfc350b3611b03787798d470328643cd226801786fd22b6ef55aaf7ee1a/Lebenslauf_2024.pdf,Kaan,Buga,'+41798269576,Kaan.buga@outlook.com,,completed,2024-12-26 21:05:19,,2024-12-26 21:08:59,e799107a9e,,
vqgpu4xwkskog9b9xcnzvqgpu89euz95,7,Pafalla Personalberatung für Medizin und Pflege -Arbeitsvermittlerin Radis - Recruiterin Remax Immobilien - Dr Juchheim GmbH - Luxus Kosmetik Anti Aging Produkte - Amway Nutrilite und Kosmetik -   Active Sourcing für einen Vertrieb: Gold- und Edelmetalle,"Vollzeit (Mo-Fr, 40Std/Woche)",In der Personalvermittlung 50000,Einfühlungsvermögen – Überzeugungskraft -  Flexibilität – Storyteller – Kommunikation - Organisation,"""Erfolg ist die Summe kleiner Anstrengungen, die Tag für Tag wiederholt werden."" - Robert Collier Steigerung des Umsatzes - Gewinnung neuer Kunden - Verbesserung der Kundenzufriedenheit -Erhöhung des Marktanteils",hr4you.de und mehr,https://www.16personalities.com/de/enfj-personlichkeit,"Gute Einarbeitung und wenn Fragen auftauchen, dass man sie stellen kann.",https://api.typeform.com/responses/files/db614120bbdc6da6efe70b6a5fd4e56943148fdda55a4b4ffe09a7d37acafca8/Neuer_Lebenslauf_Dezember_2024.pdf,Susanne ,Treiber,'+491757850285,yourglobalstyle2@gmail.com,,completed,2024-12-26 13:07:36,,2024-12-26 14:12:20,2f337d6829,,
ogxj71ro2foghxr239h4uyaanioh2rns,0,Keine bzgl Vertrieb,Unter 20Std die Woche,Neu,"Ich bin unerschöpflich motiviert mich weiterzubilden und erlangte Wissen setze ich gewinnbringend um. Meine rasche Auffassungsgabe lassen mich in schwierige Problemlagen eine klugen und sogleich eleganten Lösung finden. Selbst in extremen Stresssituationen und unter Zeitdruck behalte ich die Übersicht. Meine Arbeit ist geplant, zügig und ergebnisorientiert. Mir ist bewusst, dass konstruktive Kritik mir weitere Entwicklungsmöglichkeiten anbietet.",Nebenberuflich starten,Noch keine aber keine Hürde für mich,Kommandeur,Leider in der Woche ab 19 Uhr und am Wochenende nur Vollzeit,https://api.typeform.com/responses/files/b87dbc0516e2d3f4aad15a7ee24ab7732d992ded873a0ff73062f8e1dc7cc0f3/Lebenslauf_Closer.pdf,Vasiliki,Konstantakou,'+491788272114,konstantakou@outlook.de,,completed,2024-12-25 23:01:02,,2024-12-25 23:06:57,4529958a04,,
p5h90h34jjuk2jddhp5h90hnjkkyipst,7,"Mobilfunkverträge, DSL Verträge, Tabletverträge, Glasfaserverträge.......","Vollzeit (Mo-Fr, 40Std/Woche)",5000,"Kommunikationsstark, Ehrgeizig, Begeisterungsfähig","Ich möchte mit dem Unternehmen wachsen und meine Fähigkeiten und Kompetenzen gewinnbringend  einbringen. Ich bin sehr wissbegierig, lernfähig, anpassungsfähig und teamfähig.","Trello, Dewas, Dashboard",Kommandeur,Ich bin bereit,https://api.typeform.com/responses/files/9185a58c7fff242a29a86c7aff1a55b1ad4a9a86d2bd79d4634fe21f7cefe286/BEW123__1_.pdf,Faruk,Cetin,'+4917643921102,cetin-faruk060@hotmail.com,,completed,2024-12-25 15:38:05,,2024-12-25 16:07:44,0191221b89,,
flfhkj5x4d3mgh2xb88flfhkj5pkodfc,über 3 Jahre,"Ich habe bereits innerhalb 10 Monaten also von April 2022 bis Februar 2023 in der Kaltakquise am Telefon über 200.000 Euro als Setter vorqualifiziert und noch als Closer über 10.000€. Die Dienstleistung war Recruiting für Bauunternehmen bei zwischen 80-500 Mitarbeitern.
Seit März 2023 bin ich als Freelancer tätig und habe seit dem in der Photovoltaik Branche einige Monate gesettet und danach in der Coaching Branche. Anfang des Jahres bis Mai war ich wieder in der Recruiting Branche aber für Hotels und seit Juni bin ich Closer im B2C und habe da über 120000€ abgeschlossen. Durch die mehreren Erfahrungen habe ich gemerkt, dass ich im B2C bleiben möchte. :)","Vollzeit (Mo-Fr, 40Std/Woche)",Schon beantwortet :),"Wieso solltet ihr mich zu einem Bewerbungsgespräch einladen?

Ihr solltet mich auf jeden Fall einladen, da ich über sehr relevante Erfahrungen und Fähigkeiten verfüge, die eurem Team und Unternehmen mehr als einen Mehrwert verleihen werden. Durch das Arbeiten als Freelancer im Homeoffice seit März 2023 habe ich mir sehr viel Disziplin angeeignet und weiß wie es ist von zuhause aus zu arbeiten und den Hintern hochzubekommen, dazu bin ich sehr lernbereit, äußerst kritikfähig und bereit alles zu tun, um die vom Unternehmen gesetzten Ziele zu erreichen.","5000€ im Monat Brutto knacken. Mit einem Team wo wir uns immer weiterentwickeln und besser werden aber vor allem, dass ich noch mehr im Vertrieb lerne und dadurch viel wertvoller für das Unternehmen werde, dann kommt das Geld automatisch.","Close, Pipedrive und Hubspot. Durch die verschiedenen CRM Systeme, wurde ich erinnert, wann ich wieder bestimmte Leads anrufen soll. Der Powerdialer vor allem bei Close hat mir sehr viel Zeit eingespart, da ich nicht jeden Lead einzeln anrufen musste. Besonders toll ist, dass meine Termine durch das CRM in meinen Kalender gebucht werden können und das CRM im allgemeinen sehr übersichtlich ist",Kommandeur,"Ich lege besonderen Wert darauf, dass mein Fokus nur einem Unternehmen und einer Arbeit angelegt ist.",https://api.typeform.com/responses/files/3f9e8d574d36ef74ca590d39ad1a89f4a3a0bcb5c41bea9815f60be5bf04ecf0/Lebenslauf_2024.pdf,Egor,Schot,'+491728424046,egor.schot@icloud.com,,completed,2024-12-18 11:22:08,,2024-12-18 11:33:21,0153260d4f,,
vpa5touq6gymy63ioq1zxhvpa5touqrb,5,Agrarbereich (genau: Gewächshäuser/Gartenbau),"Vollzeit (Mo-Fr, 40Std/Woche)","ca. 4,5 Mio. €","gut strukturiert, gute Kommunikation, gute Ausstrahlung, verlässlich + vertrauenswürig, authentisch",Ich möchte komplett remote/digital meine Selbständigkeit im Vertrieb aufbauen und damit meiner Familie eine gute Lebensgrundlage bieten,"Salesforce, SAP, ""maßgeschneiderte"" CRM: alle haben mir geholfen, den Überblick zu behalten und effizienter zu arbeiten, da wichtige Infos mir gut strukturiert verfügbar gemacht wurden",Exekutive ESTJ-A,"Ja, ich bin ab sofort und Vollzeit verfügbar. Ich denke, dass ich mit meiner eigenen Erfahrung in den VAE (2010-2011: ein Jahr in Ras Al Khaimah) noch einen Pluspunkt habe. Von euch erwarte ich einen fairen und offenen Umgang und Unterstützung, dass ich mich schnell einarbeiten und bestmöglich mithelfen kann.",https://api.typeform.com/responses/files/116db7742dc917907816ebf65c6b70e20f0cc5e84ce87bb0961a9e6a0d54143b/Lebenslauf_Jakob_Johannson.pdf,Jakob,Johannson,'+4915772159518,der.wahre.jakob.bv@gmx.de,Der wahre Jakob BV,completed,2024-12-16 12:06:34,,2024-12-16 12:15:10,a26a91ef30,,
4ywxxpl6bffo0r1l6gkk4ywxxpl7lr98,8+ Jahren,"B2C Maler und Fenster Vertrieb (high ticket 16.000€ average deal size), B2B Saas Enterprise Sales von Bausoftware und Energy Management Systemen","Vollzeit (Mo-Fr, 40Std/Woche)",im letzten Jahr war ich mit 154.000€ ARR der Top-Perfomer in meinem Team,Vertrauenswürdig bei den Kunden; Akribischer Account Manager im Unternehmen,"Langfristig erreiche ich im Vertrieb meine finanzielle Freiheit. Nebenbei baue ich ein NGO in Ghana auf, das Ghanaische High Potentials in Digital Sales ausbildet","Salesforce, Hubspot, Apollo.io, Linkedin, Meet Alfred, Sales Navigator, Calendly, u.v.m... Teilaspekte des Outbound Processes automatisiert, um letzten Endes eine höhere Reichweite zu generieren und schließlich mehr Umsatz",,,,Michele,Moscaritoli,'+493052014250,michele.moscaritoli@callaborade.com,Callaborade LLC,completed,2024-10-20 18:24:00,,2024-10-20 18:33:27,687dd13e7d,,
7i775chn3ise2cw8307i775c2qr1gx4b,7 Jahre,"Immobilien, Finanzen, Pv Anlagen","Vollzeit (Mo-Fr, 40Std/Woche)",Über 100.000,"Zu meinen persönlichen Stärken gehören 

Schnelle Auffassungsgabe und schnelles Umsetzten
Durchhaltevermögen und die Disziplin und Motivation meine Ziele zu erreichen   
Ehrlichkeit und Loyalität 
Offene und fröhliche Art auf Menschen zu zugehen 
Freude am Erkunden neuer Möglichkeiten

Im Beruf, besonders im Vertieb zähle ich zu meinen Stärken

organsiert und selbstständig zu arbeiten 
Kunden Bedürfnisse herausarbeiten und Beziehungen aufzubauen 
durch meine Leidenschaft für Immobilien das richtige Marketing für einen erfolgreichen Verkauf aufsetzten 
Abschluss stark und hartnäckig beim follow up
Feingefühl um verschiedenen Kundntypen  klar zu kommen",Ständige Weiterentwicklung,"HubSpot, Pipedrive",,,,Stefan,Fuchs,'+4917681447281,stefanfuchs88@outlook.de,,completed,2024-10-09 15:44:56,,2024-10-09 15:49:33,b82a824a88,,
xp8ofgejv4sm2mlc3xp8ofg665aeacfa,8,Aktuell die Verrentung von hochpreisigen (Mind. 50'000 E) Oldtimern. Davor war ich im Marketing Bereich tätig.,Teilzeit 20Std  (Mo-Fr),"Da ich im letzten Jahr nicht im Vertrieb tätig war sondern neu wieder einsteige, lässt sich das so nicht sagen.","Grundsätzlich passe ich sehr gut zu Ihnen, weil ich aktuell als Notfallsanitäterin tätig bin und mich somit in der Branche sehr gut auskenne. Meine Softskills sind: Empathie, Durchhaltevermögen, Ehrgeiz, hohe persönliche Ziele, Kommunikationsstärke.","Ich möchte mit zwei Auftraggebern arbeiten (Thema Scheinselbständigkeit, deshalb muss ich zwei Auftraggeber haben), und in einer Selbständigkeit durchstarten. Ich habe dazu in diesem Jahr zwei Coachings abgeschlossen im Setting und Closing, um meine Erfahrungen aufzufrischen. Aktuell close ich auch bereits und will dieses Unternehmen auch nicht aufgeben, da es wirklich gut matcht. Trotzdem habe ich genug Kapazität und Ehrgeiz für ein weiteres interessantes Projekt.","Bitrix, Rückverfolgung aller Aktivitäten eines Leads, Erinnerungsfunktion, Wiedervorlage. Ich wäre verloren ohne dieses CRM ;)",,,,Jolanda,Benz,'+4915123078628,jolandabenz@gmail.com,,completed,2024-10-09 13:35:30,,2024-10-09 13:42:14,d938d94ed2,,
y16ynqaqje875tw8ty16y3zkksigbw2k,3 Jahren,"E-Commerce drop shipping, closing system, kiwu formel, telecommunication, Trading online coaching.","Vollzeit (Mo-Fr, 40Std/Woche)","1,2 mio davon sind 10% Provision","Ich baue Vertrauen auf zwischen mir und den Kunden, um die bestmöglich zu verstehen um das Problem gemeinsam zu lösen",,"close, hubspot sind die CRM Systeme die wir genutzt haben",,,,Obaida,Aleid ,'+491716114838,obaidaaleid0@gmail.com,Obaida Aleid ,completed,2024-10-05 09:03:42,,2024-10-05 09:12:12,dede73daac,,
izrahrh3bi8eeup69509n3izrahrh3ca,4,"Dating, Persönlichkeitsentwicklung, Auditvertrieb, Fitness, Ernährung, Ecommerce, Closerausbildung, technische Produkte beim Angestelltenverhältnis bei Firma Rubix","Vollzeit (Mo-Fr, 40Std/Woche)",1.1 Mio,"Ich kann mich gut in die Lage vermeintlichen Kunden hineinversetzen und kann ihm den größtmöglichen Schmerz visualisieren. Höfliche Hartnäckigkeit gehört zu meinen Stärken, sowie das Erkennen von Vorwänden und Einwänden","Finanzielle Unabhängigkeit, mehr Zeit und Geld für die Familie , Partnerin , Sohn","Hubspot , Close, Interstellar, Salesforce",,,,Stefan,Neumann,'+491715163818,neumannstefan777@yahoo.de,Stefan Neumann Closing,completed,2024-10-04 19:27:31,,2024-10-04 19:33:19,11edbc2db5,,
sbweaikb85jtdsbwemlzkx695ufvs387,mehr als 6 Jahren,"Handwerksdienstleistungen, Fenster, Enterprise SAAS","Vollzeit (Mo-Fr, 40Std/Woche)",150.000€ ARR,"Akribische Account Pflege, Stark Emphatisch, Fingerspitzengefühl,",3 Millionen auf mein Konto - Dazu baue ich langsam meine Online Marke als Vertriebsexperten auf und stärke meine Präsenz auf dem Afrikanischen Kontinent. Außerdem werde ich in 3 Jahren ein Buch veröffentlichen,"Hubspot, Salesforce, Pipedrive, Apollo, Meet Alfred, Sales Navigator, Calendly, Aircall, Cleverreach, und sicher mehr. Automatisierung von repetitive tasks. Outreach, Kundenbindung - Mehr Demos gebucht und Deals geclosed",,,,Michele,Moscaritoli,'+493052014250,mm@callaborade.com,Callaborade LLC,completed,2024-10-01 16:26:38,,2024-10-01 16:38:49,efdb037528,,
01vcftxl5rl46qmfv5ouce01vcft3dvd,8,"Dienstleistungen, Beratungen und Coachings",Teilzeit 20Std  (Mo-Fr),über 5 Mio.,"Sympathie, Empathie und Schlagfertigkeit","Einen guten Partner bzw. ein Produkt langfristig zu verkaufen, erfordert eine strukturierte Umsetzung und Disziplin.","Hubspot, Pipedrive und Close",,,,Vassili ,,'+491743968851,vasilliynarses@gmail.com,,completed,2024-09-30 16:26:51,,2024-09-30 16:33:29,3c18e86d84,,
3lbvo1sj88p2nt8srrxf13lbvo930bca,2,"TV-Geräte, Internet-Verträge, Finanzvertrieb (Investmentprodukte), Mitarbeitergewinnung über Social-Media-Marketing","Vollzeit (Mo-Fr, 40Std/Woche)",Unbekannt bisher,Mein starkes Interesse dem Interessenten einen Mehrwert zu bieten.,"Ich möchte sehr gut im Vertrieb werden und monatlich 10.000-30.000€ verdienen indem ich stets lerne, umsetze und durch konstruktives Feedback mich immer weiter verbessere.","Close und Slack nutze ich und finde vorallem ersteres Genial, weil man sich seine Arbeit dadurch sehr gut strukturieren kann. Daher kennt ich auch sehr produktiv arbeiten.",,,,Richard,Heil,'+436766609030,heil.richard@web.de,Morawitz Consulting GmbH,completed,2024-09-28 23:08:23,,2024-09-28 23:18:11,b3b2e19ba8,,
9knzw8bflf5leqgg59knzw8bf0e269gt,"3 Jahren, jedoch mit Unterbrechungen zwischendurch",Anlageprodukte sowie Coaching Dienstleistungen,"Vollzeit (Mo-Fr, 40Std/Woche)",War letztes Jahr nich im Sales. Davor im Closing 190000,Empathie gegenüber meiner Mitmenschen; Überzeugungsstärke; Sympathiesches Auftreten;,"eigenes Team führen und finanzielle Freiheit erlangen; durch harte Arbeit, den Willen mich ständig weiterzuentwickeln und der Beste im Bereich Vertrieb zu werden",Close und teilweise Hubsport; dadurch konnte ein viele effizientere Arbeitsweise erfolgen und die Schlagzahl konnte dadurch deutlich erhöht werden; Außerdem ist die Dokumentation einfacher und schnell aufrufbar,,,,Bastian,Angerer,'+436763282086,bastian.angerer99@gmail.com,,completed,2024-09-26 15:59:44,,2024-09-26 16:05:56,8fa7569e42,,
ey74i0regkyg4isz62ckey74gdx8i39o,30,"Pharma, Industrie, Dienstleistung","Vollzeit (Mo-Fr, 40Std/Woche)",mein Honorarumsatz: 350k,"Empathie, Vertrauenswürdigkeit, Glaubwürdigkeit",dauerhafte Zusammenarbeit mit einem Top-Anbieter,"u.a. salesforce.com ; Planung und Koordination der tägl. und wöchentlichen Aufgaben, Wiedervorlagen, Erinnerungen, Priorisierungen",,,,Robert,Holzer,'+4367762508530,robert.holzer@sales-coach.at,Robert Holzer,completed,2024-08-20 04:51:09,,2024-08-20 04:56:42,1830184ef3,,
jxbk3x4386hn1zltf4djxbk6ssqqh055,8,"Letztens Marketing Dienstleistungen, vorher HR Dienstleistungen, und eine Menge B2C wie z. B. Telekommunikation","Vollzeit (Mo-Fr, 40Std/Woche)",ca 70.000€ ist jedoch für meine eigene Agentur (begrenzt viele calls),"Großes Selbstbewusstsein, genaues zuhören, Enthusiasmus und gute Laune","Sich ein Gehalt von mindestens 10.000€ zusätzlich zu erarbeiten. Um das Ziel zu erreichen, bin ich auch bereit,  am Wochenende zu telefonieren und sich nach der regulären Arbeitszeit die recordings anschauen.","Pipedrive, Gohighlevel, Hubspot. Alle CRM Systeme sind gut, um eine gute Übersicht über Follow-ups und Notizen zu der Qualifikation der Leads zu erhalten. Man sich zielgenaue Anruf aufgaben, setzten zum Zeitpunkt des geplanten Follow-ups.",,,,Alexander,Herti,'+971558983503,alex.herti@business-growth-solutions.com,,completed,2024-08-19 15:57:56,,2024-08-19 16:04:52,1b3ad39bd8,,
1l5b5qbdyht3admks021l5b50lcm28r1,7,"Telekommunikation, Solarbranche, Personalvermittlung","Vollzeit (Mo-Fr, 40Std/Woche)",12000000€,"Kommunikationsfähigkeit, Durchhaltevermögen, Beziehungsmanagement, Selbstmotivation","Mein langfristiges Ziel ist es, mein volles Potenzial zu entfalten und einer der besten Vertriebler Deutschlands zu werden. Dies will ich erreichen mit Kontinuität und den Wunsch nach positiver Entwicklung.","Salesforce und HubSpot. Durch aufgesetzte Sequenzen, konnten mir diese Tools dabei helfen eine feste Struktur beizubehalten. Es ermöglichte mir, einen klaren Überblick über den Verkaufsprozess zu behalten, vom ersten Kundenkontakt bis zum Abschluss.",,,,Andre,Müller,'+491792021010,a.mueller1997@web.de,Engaged ,completed,2024-08-19 15:55:19,,2024-08-19 16:03:03,885adc3ee9,,
txosbsbp4gielfx7rtxosby9k0tkcq45,"3,5",B2B Marketing und Recruiting Dienstleistungen,"Vollzeit (Mo-Fr, 40Std/Woche)",6 Stellig,Jeden Tag 101% & Feingefühl am Telefon,"Langfristig mit einem Unternehmen zusammenarbeiten, wo ich Wachstumsmöglichkeiten habe & auch hinter dem Produkt, etc.  stehen kann","Close io, HubSpot. Close gefällt mir am besten. Vor allem der Power Dialer ist genial.",,,,Sebastian ,Aepli,'+41796552799,aepli.sebastian@gmail.com,Telefonnummer nur auf WhatsApp kontaktieren ,completed,2024-08-18 06:21:45,,2024-08-18 06:25:02,7c51d6d25f,,
hmt4d79ms6cqq36hmt4c9hh4cbv6wf96,2,Medizinische Produkte,"Vollzeit (Mo-Fr, 40Std/Woche)",3420000,"Einwandbehandlung, gute Kommunikationsformen, professionelles Auftreten, saubere und strukturierte Arbeitsweise",Stetige Weiterentwicklung durch Erfahrung in verschiedenen Branchen,"Salesforce, Hubspot",,,,Dilara,Demirkan,'+491754458012,d.dilara@live.de,,completed,2024-08-16 19:26:45,,2024-08-16 19:35:28,602bff1c4b,,
f7vbgq3m2uw69kuf7vbgltb556yvtfo7,3,Healthcare,"Vollzeit (Mo-Fr, 40Std/Woche)",70-100 k,Sympathisch kommunikativ,"Mein langfristiges Ziel im Vertrieb ist es, durch den Aufbau nachhaltiger  Sales Strategie )Kundenbe-ziehungen, kontinuierliche Weiterbildung und enge Zusammenarbeit mit meinem Team, sowohl meine Verkaufsziele zu übertreffen als auch zum Wachstum des Unternehmens beizutragen.","Ich habe im Vertrieb CRM-Tools wie Salesforce, HubSpot, Zoho CRM und Microsoft Dynamics 365 genutzt.",,,,Samar,Hoban,'+4915736185800,samar.hoban@gmail.com,,completed,2024-08-02 17:12:08,,2024-08-02 17:15:52,2ced39f8b7,,
ggrwvo9rnuf26au86rdggrwv9dww32ta,3,Healthcare,"Vollzeit (Mo-Fr, 40Std/Woche)",70 k,Sympathie kommunikativ,"Mein langfristiges Ziel im Vertrieb ist es, durch den Aufbau nachhaltiger sales Strategy )Kundenbeziehungen, kontinuierliche Weiterbildung und enge Zusammenarbeit mit meinem Team, sowohl meine Verkaufsziele zu übertreffen als auch zum Wachstum des Unternehmens beizutragen.","Ich habe im Vertrieb CRM-Tools wie Salesforce, HubSpot, Zoho CRM und Microsoft Dynamics 365 genutzt.",,,,Samar,Hoban ,'+4915736185800,samar.hoban@gmail.com,,completed,2024-08-02 11:08:36,,2024-08-02 11:11:18,2ced39f8b7,,
yqdkz01idoyuyqd8g3yfqqxkb88czf8g,3,Healthcare,"Vollzeit (Mo-Fr, 40Std/Woche)",70,Empathie kommunizieren,"Mein langfristiges Ziel im Vertrieb ist es, durch den Aufbau nachhaltiger Sales strategisch Kundenbeziehungen, kontinuierliche Weiterbildung und enge Zusammenarbeit mit meinem Team, sowohl meine Verkaufsziele zu übertreffen als auch zum Wachstum des Unternehmens beizutragen.","Ich habe im Vertrieb CRM-Tools wie Salesforce, HubSpot, Zoho CRM und Microsoft Dynamics 365 genutzt.",,,,Samar,Hoban ,'+4915736185800,samar.hoban@gmail.com,,completed,2024-08-02 10:52:47,,2024-08-02 11:02:33,2ced39f8b7,,
r42inqrik2j9j5alznetr42in5qx9pqw,2,"Door 2 Door, Telefonische Kaltakquise und Setting","Vollzeit (Mo-Fr, 40Std/Woche)",80.000,Mein Einfühlvermögen aber gleichzeitige Dominanz das Gespräch zu führen,Ich möchte Vertriebsleiter werden und der beste Closer eines guten Unternehmens. Dafür Bilde ich mich privat dauerhaft weiter und reflektiere so viele Verkaufsgespräche wie möglich,"Hubspot, es hat mir gezeigt wen ich anrufen darf",,,,Sidnez,Feiertag,'+4917634498760,s.feiertag00@gmail.com,,completed,2024-07-25 09:52:31,,2024-07-25 09:55:40,9ecd512726,,
nb84xtb2pnj4ugknb84xc5t45eeg10w7,2,"Digitale Produkte und Dienstleistungen in den Bereichen Vertrieb, Online Marketing, Persönlichkeitsentwicklung und Unternehmensberatung (B2B und B2C) II Verkauf von Tiny- und Modulhäusern am Telefon II Verkauf von Versicherungen","Vollzeit (Mo-Fr, 40Std/Woche)",ca. 500000 € in Teilzeit,"Kommunikationsstärke, Bedarfsanalyse, Kundenmanagement, Organisation, selbständiges Arbeiten, Freude am Umgang mit Kunden","Ich müsste lügen, wenn ich sagen würde, dass meine langfristigen Ziele mehr beinhalten, als den Aufbau von einem attraktiven Cashflow. Ich habe einfach Spaß am Vertrieb und solange ich damit mein Leben finanzieren kann, bin ich sehr zufrieden.","Leider haben meine bisherigen Geschäftspartner fast ausschließlich mit Excel Listen gearbeitet, was mir die Arbeit im Vertrieb und als Vertriebsleitung nicht unbedingt einfach gemacht hat. In einem Projekt habe ich mit CLOSE gearbeitet und das hat sich positiv auf meine Produktivität auswirkt, da ich alle Informationen an einem Ort wiedergefunden habe.",,,,Jennifer,Krüger,'+491705888607,jenny@sales-ubc.com,,completed,2024-07-22 20:10:48,,2024-07-22 20:21:12,1e384f24cd,,
g853wyptji7sobrdkkiersdg853wyppi,6,Photovoltaik Sparpläne und Immobilien investments,"Vollzeit (Mo-Fr, 40Std/Woche)",300.000€,Ehrgeiz und Zielstrebigkeit,Finanzielle Freiheit,,,,,Dominic,Domschitz ,,,,completed,2024-07-16 10:06:47,,2024-07-16 10:09:03,571987ae18,,
oslzzxcqbixy0omspylip6oslzzxb1hg,2 Jahre,Marketing Dienstleistungen,"Vollzeit (Mo-Fr, 40Std/Woche)",500.000€,"Durchhaltevermögen, Ehrgeiz","1 Mio Jahresumsatz, vertriebsteams leiten","Hubspot, Übersicht über alle Vertriebsprozesse",,,,Paul,Mörchel,'+491734723491,paulmoerchel@gmx.de,,completed,2024-07-15 15:45:22,,2024-07-15 15:48:36,ce24ab6220,,
srffz34sy843me9zwxsrffz347tuwn77,"Seit ca. 9 Monaten, habe aber eine Ausbildung als Industriekauffrau und einen Bachelor in International Business","Persönlichkeitsentwicklung und Selbstliebe, Immobilien in Dubai, Unternehmensberatung",Teilzeit 20Std  (Mo-Fr),2K,"Ich bin sehr emphatisch, höre unheimlich gut zu und kann mich in andere Menschen sehr gut hineinversetzen, ich ""überrede"" Menschen nicht, sondern leite sie im Gespräch so weit, so dass sie sich selber von dem Angebot überzeugen",Meine langfristigen Ziele ist eine solide und stabile (und vor allem langfristige) Partnerschaft zu erreichen und in diesem Bereich (ich hoffe bei euch in der Personalvermittlung für Dubai) Expertin zu werden,"PipeDrive, FinalPro, SalesForce, HubSpot waren die meistgenutzten Tools. Die Produktivität wurde gesteigert durch eine bessere Übersicht von Projekten und Kunden und ""Double Tracking"" wurde minimiert",,,,Olga ,Ferraro,'+13465798530,olga.ferraro@yahoo.de,Olga Ferraro,completed,2024-07-14 11:08:48,,2024-07-14 11:15:56,d98657ed55,,
1v6swkguspc03je1bw1v6s16tlra1x5w,3,Social Media Marketing und Personaldienstleistung,Teilzeit 20Std  (Mo-Fr),100k+,Kenn mich sehr gut im Sales aus und helfe gerne Menschen ihre Problem zu lösen.,20k+ Pro Monat auf Provi Basis. Ständige Optimierung meiner Skills,Trello Close,,,,Samuel,Greif,'+393801756349,greifsamuel@gmail.com,,completed,2024-07-11 14:08:34,,2024-07-11 14:12:07,38fc483bf6,,
a5ewixl2f44fgz4w9p4coa5ewixlspci,1 Jahr (+2 Jahre im Vertrieb nach Ausbildung zur Kauffrau),"Technische Federn, Immobilien in Dubai, Unternehmensberatung",Teilzeit 20Std  (Mo-Fr),ca. 3000,"Ich höre gut zu und versuche den Menschen zu helfen, und nicht zu überreden etwas zu kaufen. Ich zeige wirkliches Interesse an Menschen. Die meisten wissen bereits von innen, ob sie ein Angebot kaufen oder nicht, man muss sie nur dazu bringen, sich SELBST davon zu überzeugen den letzten Schritt zu tun.","Ich will einen Partner gewinnen, mit dem ich für lange Zeit eine Arbeitsbeziehung eingehen und mich als Experte in diesem Bereich etablieren kann. Dadurch will ich mehr lernen und immer besser werden. Auch im Team kann man immer mehr lernen und sein höchstes Potential erreichen. Und persönlich: Ich will einfach Menschen glücklich machen (genauso wie mich). Vertrieb bietet einem die Möglichkeit von überall zu arbeiten (ich wohne selbst in den USA und bin bis Mitte August aber in Deutschland).","Final Pro, Pipedrive, SalesForce, ClickUp",,,,Olga ,Ferraro,'+13465798530,olga.ferraro@yahoo.de,Olga Ferraro,completed,2024-07-11 06:29:13,,2024-07-11 06:38:14,d98657ed55,,
d2i71ntyru5krlkdek18i4d2i71nain8,"Seit 1,5 Jahren.","1. Marketing
2. Immobilien in Dubai
3. Social Media","Vollzeit (Mo-Fr, 40Std/Woche)",Für meine Partner konnte ich im letzten Jahr einen Umsatz von ca. 40.000€ erwirtschaften.,Mein drang einer der Besten zu werden und meine organisierte Arbeitsweise.,"Ich möchte gerne in den Vertrieb tiefer eintauchen und mich immer weiter verbessern.
Leider habe ich mittlerweile gemerkt, dies funktioniert in meiner derzeitigen Situation nicht, da ich diese Tätigkeit bisher nur nebenbei ausführe.
Ich habe gemerkt, dass ich einfach mehr Zeit benötige um mich hier weiter zu verbessern.
Dieses Ziel versuche ich zu erreichen, indem ich mir einen Job finde, indem ich mich komplett auf den Vertrieb konzentrieren kann.","HubSpot, ActiveCampaign und Airtable.

HubSpot und ActiveCampaign sparen sehr viel Zeit bei der Umsetzung und Dokumentation der Calls.",,,,Roman,Lautner,'+436705562183,lautner.vertrieb@gmail.com,,completed,2024-07-08 14:39:09,,2024-07-08 14:54:26,1d02e71048,,
cmln1g88oaxpl16gniucmln1g8ts0eoe,13 Jahre,"Fashion, E-Mobility","Vollzeit (Mo-Fr, 40Std/Woche)",n/a,"Zuhören, auf verschiedene Persönlichkeiten einstellen, Empathie, Durchsetzungsfähigkeit",Ich möchte im klassischen Vertrieb von Dienstleistungen Fuß fassen und dort das Maximum herausholen,Salesforce,,,,Nicole ,Nehrke ,'+4917641905823,Nicole_Nehrke@web.de,n/a,completed,2024-07-08 12:25:36,,2024-07-08 12:28:33,cd8dfaef75,,
lxx9raccj5qv6dlxx9lfakrasu1r4xmv,20,Headhunter + Digitale Dienstleistungen,Teilzeit 20Std  (Mo-Fr),"1,8 Millionen",Zuhören,,,,,,Katja,Langer,'+4915782351557,katja_langer@freenet.de,,completed,2024-07-04 09:32:21,,2024-07-04 09:34:29,48131fba83,,
p8p5vb9wxa3ec2zs1w4p8p5vb9cpjj78,20 Jahre,"Recruting, Software, Produkte","Vollzeit (Mo-Fr, 40Std/Woche)",750.000€,"Empathie, Kontrolle, Einwandbehandlung uvm.",Umsetzung und Fleiß. Mit Entschlossenheit und harter Arbeit überwinde ich Hindernisse und bleibe auf Kurs.,"Close, Work, Asana, ja sehr hilfreich in der Organisation.",,,,Heinrich,Eigenseher,'+4915119492409,h.eigenseher@icloud.com,,completed,2024-07-03 17:10:37,,2024-07-03 17:15:36,9ca3b034da,,
y12nsuxklsx3ege3trvjuy12nsu296ca,7 Jahren,Coaching-und Beratungsprogramme,Teilzeit 20Std  (Mo-Fr),900.000 Euro,"Beziehungsaufbau, Einwandbehandlung, gutes Zuhören und dabei ein zielorientiertes Verkaufsgespräch führen",langfristige Stelle als Closerin in einem fundiertem Unternehmen in dem ich die Benchmark in diesem Unternehmen erreiche,"HubSpot und Close , Excell",,,,Özlem,Ayhan ,'+4915205614148,oe.ayhan@icloud.com,,completed,2024-07-03 14:26:33,,2024-07-03 14:50:35,e13b7dfcf1,,
7k1ft2mqafyd6cbmqtxs7k1fttd2t7jf,4,Gold und solar Projekt,Teilzeit 20Std  (Mo-Fr),200k,Erkennen Engpässe,Denn verkaufs skill vollkommen auszuüben und ihn zu verbessern,Zoho,,,,Sabir,Bachiri,'+4917655727796,sabirbachi@gmail.com,,completed,2024-07-01 22:43:31,,2024-07-01 22:46:16,a80591c1ed,,
hnh2zo9inoxbu8hnh2t8du7hz8t612ot,7,"Software (Recruiting, Corporate Governance), IT-Recruiting, M&A",Teilzeit 20Std  (Mo-Fr),,"Führungserfahrung, Ehrgeiz & Disziplin (mehrere internationale Titel im Kickboxen), schnelle kommunikative Fähigkeiten (semi-professioneller STand-Up Comedian für mehrere Jahre), Improvisierungs- und Anpassungstalent",Eigenständigkeit im Vertrieb,"Salesforce, HubSpot, Pipedrive und andere legacy tools",,,,Marco,Ligas,'+436766120288,ligassales@gmail.com,,completed,2024-07-01 20:12:39,,2024-07-01 20:17:09,e3d7fc944c,,
lp0ep3p69j9ab20t10obblp0ep3pmfu3,10+,"Banking, Consultancy, IT","Vollzeit (Mo-Fr, 40Std/Woche)",>100k €,"Kompetenz, Vertrauensbildung, Persistenz, Sympathie",Flexibilität ortsunabhängig & zeitlich flexibel zu arbeiten und dabei finanziell unabhängig zu sein.,Bankeigenes CRM-Tool mitentwickelt und genutzt; SAP; Salesforce,,,,Jan,Osenegg,'+4915167006053,jan.osenegg@senioradvisory.de,Senior Advisory,completed,2024-07-01 19:30:36,,2024-07-01 19:34:11,cfea736b78,,
d34x2rmdrr8r282exgewd34x2rr697lv,Über 5 J,"Hochpreisindividualfernreisen, Solaranlagen, High Ticket Coaching, digitale Dienstleistungen (Social recruiting)",Teilzeit 20Std  (Mo-Fr),Ca 500k,"Aktive Zuhörerin; Empathie, habe die Psychologie des Verkaufens verstanden; schaffe schnell Vertrauen aufzubauen; begeisterungsfähigkeit","Über 90 % Abschlussquote, unabhängig vom Produkt und Zielgruppe. Erreiche ich, indem ich weiterhin meine Gespräche im Nachgang analysiere und immer hinterfrage, was schon gut lief und übernommen werden kann und an welcher Stelle noch Optimierungsbedarf ist","SalesForce, Close, adsvertisers. Vertrieb ist ein Zahlenspiel! Hat mit sehr geholfen, meine Zahlen im Blick zu haben und Performance entsprechend anzupassen, bzw. motiviert, wann und an welcher Stelle noch mehr geht",,,,Anna,Bohm,'+4917660975113,annabohm.closing@gmail.com,,completed,2024-07-01 18:32:47,,2024-07-01 18:37:14,bc38df423a,,
8ccaq6jtj3xdyyx58ccaq6cw6zg75g5k,Über 5 Jahre,"HOCHPREIS Individualfernreisen, Solaranlagen, HOCHPREIS Coachingprogramme, digitale Dienstleistungen (Social recruiting)",Teilzeit 20Std  (Mo-Fr),Um die 500 k,Verständiges für Psychologie im Verkauf; Empathie; gute aktive Zuhörerin; kann zwischen den Zeilen lesen; Begeisterungsfähigkeit; kann gut Vertrauen aufbauen,"Eine Abschlussquote von über 90 %, unabhängig von Produkt und Zielgruppe. Ich plane dies zu erreichen, indem ich weiterhin jedes Gespräch analysiere und meine Performance hinterfrage und für jedes neue Gespräch das, was gut läuft übernehme und das, was verbessert werden kann und sollte den Fokus drauf legen","Close, SalesForce, adsvertisers. Gute Übersicht über meine Performance - daher immer genau nachvollziehbar, was noch fehlt, was schon gut läuft, und wo Optimierungsbedarf ist. Vertrieb ist ein Zahlenspiel :)",,,,Anna,Bohm,'+4917660975113,annabohm.closing@gmail.com,,completed,2024-07-01 18:22:58,,2024-07-01 18:30:04,bc38df423a,,
9bl8emscf03sjv5bmnq9bl8c8752f02s,"Seit 2,5 Jahren","Mitarbeitergewinnung, Leadgenerierung, Schuldnerberatung, Coaching (Fitness)","Vollzeit (Mo-Fr, 40Std/Woche)",Ca. 150K bis 250K,"Umsetzung, Kommunikationsfähigkeiten und Empathie,
Selbstmotivation und Zielstrebigkeit, 
Geduld und Durchhaltevermögen
Zeitmanagement und Organisation,
Netzwerkfähigkeiten,
Problemlösungsfähigkeiten,
Flexibilität und Anpassungsfähigkeit","Mein langfristiges berufliches Ziel im Vertrieb ist es, mich kontinuierlich weiterzubilden und meine Fähigkeiten zu einem erfolgreichen Closer auszubauen. Ich strebe danach, durch exzellente Kommunikationsfähigkeiten und Empathie enge und vertrauensvolle Kundenbeziehungen aufzubauen. Darüber hinaus möchte ich meine Verhandlungsfähigkeiten und Überzeugungskraft weiter verbessern, um faire und vorteilhafte Vereinbarungen zu erzielen.

Ich plane, diese Ziele zu erreichen, indem ich regelmäßig an Schulungen und Weiterbildungsprogrammen teilnehme, um mein Wissen und meine Fähigkeiten ständig zu erweitern. Besonders wichtig ist mir auch die Selbstmotivation und Zielstrebigkeit, um immer die bestmöglichen Ergebnisse zu erzielen. Durch Geduld und Durchhaltevermögen möchte ich auch in langen Verkaufsprozessen erfolgreich sein und mich nicht von Rückschlägen entmutigen lassen.

Ein effektives Zeitmanagement und Organisationstalent sind für mich ebenso entscheidend, um Prioritäten zu setzen und effizient zu arbeiten. Netzwerken und der Aufbau starker beruflicher Beziehungen sind ebenfalls zentrale Bestandteile meiner Strategie, um langfristigen Erfolg im Vertrieb zu sichern.

Darüber hinaus lege ich großen Wert auf Problemlösungsfähigkeiten und Kreativität, um maßgeschneiderte Lösungen für die Bedürfnisse meiner Kunden zu entwickeln. Flexibilität und Anpassungsfähigkeit helfen mir, mich schnell auf neue Situationen und Anforderungen einzustellen und kontinuierlich zu wachsen.

Ich möchte durch meine erbrachte Leistung vergütet werden und strebe eine Position an, in der meine Erfolge anerkannt und belohnt werden. Mein Ziel ist es, einen wertvollen Beitrag zum Erfolg des Unternehmens zu leisten und gleichzeitig meine beruflichen Ambitionen zu verwirklichen.","Bisher habe ich die Vertriebs- und CRM-Tools Hotspot und Close verwendet. Diese Tools haben meine Produktivität und meinen Erfolg maßgeblich unterstützt. Insbesondere haben sie mir geholfen, Leads effizient nachzufassen und eine effektive Organisation meiner Vertriebsaktivitäten sicherzustellen.

Durch die Nutzung dieser Tools konnte ich gewährleisten, dass das gesamte Unternehmen stets über den aktuellen Stand der Leads informiert ist. Dies fördert nicht nur eine reibungslose Kommunikation innerhalb des Teams, sondern ermöglicht auch, dass alle Beteiligten jederzeit Einblick in den Fortschritt und die Historie der Kundeninteraktionen haben. Dadurch wird die Zusammenarbeit verbessert und die Transparenz erhöht, was letztlich zu einer gesteigerten Effizienz und einem höheren Erfolg im Vertrieb führt.",,,,Eske,Juilfs,'+491788859681,juilfseske@gmail.com,,completed,2024-07-01 17:59:12,,2024-07-01 18:12:27,6525a23863,,
d8ze3a9u59ehn6s1waid8ze31ew9dxeu,3-5,"Immobilien, Autos, Uhren & Schmuck, Finanzbranche","Vollzeit (Mo-Fr, 40Std/Woche)","2,5","Ruhiges zuhören, Gute Einwandbehandlung, schneller Abschluss",Ich hab allgemeine Ziele,"HubSpot, Close, Und ein eigenes",,,,Markus,Habring,'+4367761749954,habring.markus@outlook.com,M. Habring,completed,2024-07-01 17:16:23,,2024-07-01 17:19:58,ac8a5af13f,,
6uvj29n5oehdua05ri5k6uvj295yotia,4 Jahre,"Saas,Finanzbrance,FX Geldgeschäfte,Industrie 4.0 etc.","Vollzeit (Mo-Fr, 40Std/Woche)",100.000,"Professionelle Auswahl von neuen Branchen und Kundengruppen
● Einarbeitung in komplexe Geschäftsumgebungen, Strategien und Branchen der
Geschäftskunden, um bedarfsorientierte Lösungen umzusetzen
● Telefonische Neukundenakquisition und Kundenpflege per Telefon und Email
● Aufbau und Erweiterung des Kundenkreises
● Terminierung und Durchführung von Besuchsterminen bei Firmen vor Ort und auf Messen
● Dokumentation aller Vorgänge im EDV Programm (Salesforce)
Durch seinen Einsatz erreichte Herr Eberhard die vorgegebenen Ziele und erfüllte dabei die Erwartungen.In seinem Aufgabenbereich war er den Herausforderungen gewachsen, was er durch seine Belastbarkeit und Flexibilität zeigte. Zu Kunden pflegte er professionelle und erfolgreiche Beziehungen und konnte diese dank seiner guten Fachkenntnisse überzeugen.","Ich möchte über 100.000 Euro verdienen. Durch Belastbarkeit , Flexibilität. Kunden pflege professionelle und erfolgreiche Beziehungen und durch gute Fachkenntnisse überzeugen.",Sales Force,,,,Jan-Niklas ,Eberhard,'+4917631541368,eberhard.nick@gmx.de,EKD ,completed,2024-07-01 16:46:18,,2024-07-01 16:53:06,045dc61890,,
5pr3avbjnbxf41hdkdzlvu5pr3avbj7f,10,"Zerspanungswerkzeuge, Stromverträge","Vollzeit (Mo-Fr, 40Std/Woche)",Ich habe eine Pause vom Vertrieb eingelegt,"Einfühlsam, argumentativ stark, zuverlässig und ehrlich","Viel dazu lernen, um immer besser zu werden, zur steigerung meines Einkommens",Ich habe bisher nur mit Excel gearbeitet,,,,Reinhard,Bach,'+491715243391,reinhard.bach@proton.me,Bach Project co,completed,2024-07-01 16:15:59,,2024-07-01 16:20:07,ebffaf2f23,,
x4nrdsj8fx0lxlad1d2ex15up8r1lr37,6,Coaching/Consulting/Immobilien in Dubai aktuell,Teilzeit 20Std  (Mo-Fr),,Steht in meinem Steckbrief.,,"Hubspot, Bitrix, Go high LEve. u.v.m.",,,,Ufuk,Gökmen,'+971525203982,ugcloser@outlook.de,,completed,2024-07-01 16:11:19,,2024-07-01 16:13:28,638fd11629,,
5hyi0zg5j5xek7s5hyhgpwanzxkdmtzf,utjt,duzt,"Vollzeit (Mo-Fr, 40Std/Woche)",uzkzrku,zkruk,kurz,kzurkuzr,,,,uzkz,kuzrku,'+12016548269,test@web.de,hgkgdkgfk,completed,2024-07-01 15:22:12,,2024-07-01 15:23:30,3dccaeb097,,
